Unnamed: 0,Algorithm,ProofType,TotalCoinsMined,TotalCoinSupply,PC 1,PC 2,PC 3,class,CoinName
42,Scrypt,PoW/PoS,41.99995383,42.0,-0.3389248421468277,1.0034297660678226,-0.5880739442958465,0,42 Coin
404,Scrypt,PoW/PoS,1055184902.04,532000000.0,-0.32225478922785356,1.0035697434197055,-0.5883891863129104,0,404Coin
1337,X13,PoW/PoS,29279424622.5027,314159265359.0,2.302520777780505,1.6767540309006082,-0.6449898947018804,0,EliteCoin
BTC,SHA-256,PoW,17927175.0,21000000.0,-0.13879594783683893,-1.3047721629659386,0.17193192677717786,3,Bitcoin
ETH,Ethash,PoW,107684222.6865,0.0,-0.14528748155842489,-2.004139324819248,0.4014439467956629,3,Ethereum
LTC,Scrypt,PoW,63039243.3000049,84000000.0,-0.16691745798221455,-1.1441700431862685,-0.041854946306328925,3,Litecoin
DASH,X11,PoW/PoS,9031294.37563393,22000000.0,-0.38878681442015794,1.2559900503249382,-0.4589897163951597,0,Dash
XMR,CryptoNight-V7,PoW,17201143.1449131,0.0,-0.14480884504345673,-2.2143199899253445,0.34922783299392257,3,Monero
ETC,Ethash,PoW,113359703.0,210000000.0,-0.14372941142193965,-2.004241282852347,0.4014248472459102,3,Ethereum Classic
ZEC,Equihash,PoW,7383056.25,21000000.0,-0.1654199693501514,-2.1064671315127197,0.43613152848133135,3,ZCash
BTS,SHA-512,PoS,2741570000.0,3600570502.0,-0.2428214929038099,1.671991810559601,-0.13308486308876474,0,Bitshares
DGB,Multiple,PoW,11406219141.0,21000000000.0,0.1809905839525489,-1.8150438275195828,0.345144679296487,3,DigiByte
BTCD,SHA-256,PoW/PoS,1288862.0,22000000.0,-0.3096335566115286,0.8428032541144437,-0.37430610988815793,0,BitcoinDark
XPY,SHA-256,PoS,11995334.8847328,12500000.0,-0.2608604091535262,0.6566575133883444,-0.04165832394680766,0,PayCoin
PRC,Scrypt,PoW,5768310.0,21000000.0,-0.16806415207557762,-1.1441607193145706,-0.04183496907450342,3,ProsperCoin
KOBO,X15,PoW/PoS,25542535.5881841,350000000.0,-0.25657232374903644,1.8623554936086713,-0.6068914622071996,0,KoboCoin
SPR,X11,PoW,11149733.9976203,20000000.0,-0.21813378723148077,-0.8915904270157,0.08725212709714217,3,Spreadcoin
ARG,Scrypt,PoW,12205795.4449549,64000000.0,-0.16768063202919545,-1.1441795777863206,-0.041840232505327084,3,Argentum
AUR,Scrypt,PoW/PoS,18135099.992959,16768584.0,-0.33858428475898944,1.003428390771708,-0.588080002921151,0,Aurora Coin
BLU,Scrypt,PoW/PoS,635423900.0,0.0,-0.3311573493334718,1.003672914828546,-0.5882368630535418,0,BlueCoin
XMY,Multiple,PoW,1688254250.0,2000000000.0,-0.07249413728669081,-1.8093411982333674,0.34923270293848485,3,MyriadCoin
MOON,Scrypt,PoW,88.0,384000000000.0,2.5538968982708403,-1.3345612716923019,-0.074095756017382,3,MoonCoin
ZET,SHA-256,PoW,170204389.754849,169795588.0,-0.13587968029976455,-1.3047876743849542,0.17188038189671573,3,ZetaCoin
SXC,Scrypt,PoW,128940951.183046,250000000.0,-0.16493509213562738,-1.1442271376229647,-0.0418857905695327,3,SexCoin
QTL,Scrypt,PoW,7357794.7925,100000000.0,-0.16748469012210893,-1.1441992837238404,-0.04184201426067935,3,Quatloo
ENRG,Scrypt,PoW/PoS,123062801.128773,0.0,-0.33742050935771406,1.003476856789498,-0.588105496825352,0,EnergyCoin
QRK,Quark,PoW,259557164.91477,247000000.0,-0.22099102020099828,-0.42721441879655264,0.0845525670170546,3,QuarkCoin
RIC,Groestl,PoW,49548585.1412917,84000000.0,-0.20662110588449484,-1.2342395143314682,0.06841120220614605,3,Riecoin
DGC,Scrypt,PoW,33442988.3440364,48166000.0,-0.16753327358983033,-1.1441635998612971,-0.04184434720358147,3,Digitalcoin 
BTB,Scrypt,PoW/PoS,42579.476901,500000.0,-0.33892077795586883,1.0034295344377973,-0.5880739972091213,0,BitBar
CAT,Scrypt,PoW,7219956.64626131,21000000.0,-0.16804640698278236,-1.1441601638332988,-0.04183534126775736,3,Catcoin
CBX,Scrypt,PoW/PoS,1039116.65144562,1000000.0,-0.3389050516669623,1.0034296678406374,-0.5880742947255677,0,CryptoBullion
CCN,Scrypt,PoW,4703879.51824446,13140000.0,-0.16813288342487803,-1.1441572291959936,-0.04183403575671713,3,CannaCoin
CRYPT,X11,PoW,4996986.20575291,18000000.0,-0.21822317713948558,-0.8915917896891616,0.0872538726655828,3,CryptCoin
CSC,Scrypt,PoC,39999997299.8568,40000000000.0,0.6663948505464898,0.4363534453714964,-0.33201593234325333,0,CasinoCoin
DMD,Groestl,PoW/PoS,3304487.74735637,4380000.0,-0.3783921352265142,0.9133645498405164,-0.4778124699525765,0,Diamond
XVG,Multiple,PoW,15929530669.1206,16555000000.0,0.2047733993996331,-1.811108874761875,0.34435840305190046,3,Verge
DVC,SHA-256,PoW,18773857500.0,21000000000.0,0.23919903896075362,-1.307997660023298,0.16536034711133635,3,DevCoin
EAC,Scrypt,PoW,12539015186.822,13500000000.0,0.08069646187955026,-1.1460484423559791,-0.046180934211004124,3,EarthCoin
EFL,Scrypt,PoW,20910478.8062499,21000000.0,-0.16787905249140436,-1.1441549250731076,-0.041838851433267654,3,E-Gulden
EMC2,Scrypt,PoW,218871896.499999,299792458.0,-0.1634827867789325,-1.1442174149049091,-0.04191303191743483,3,Einsteinium
EMD,Scrypt,PoW,19496786.31025,32000000.0,-0.1678183545014447,-1.1441609204485474,-0.04183941320125912,3,Emerald
EXCL,PoS,PoS,5679705.0,0.0,-0.3458210487790364,1.626343011588521,-0.0436403101413455,0,Exclusive Coin
FLT,Scrypt,PoS/PoW/PoT,461829905.32893,0.0,-0.25902522676120915,0.35018385667916985,-0.371736841672152,0,FlutterCoin
FRK,Scrypt,PoW,1142732.14912776,11235813.0,-0.16818991409672426,-1.144157647687517,-0.04183296270894936,3,Franko
FTC,NeoScrypt,PoW,208669093.00773,336000000.0,-0.1739421901292288,-1.605651160273918,0.21637132964499659,3,FeatherCoin
GDC,Scrypt,PoW,884125802.0,1420609614.0,-0.14740516204118417,-1.1445186155885616,-0.04217777099895737,3,GrandCoin
GLC,Scrypt,PoW,65672720.4708748,70000000.0,-0.16698451222095956,-1.1441620934845054,-0.04185444522087339,3,GlobalCoin
GLD,Scrypt,PoW,41658647.9999715,72245700.0,-0.167262143165791,-1.1441723961571064,-0.04184847684644774,3,GoldCoin
HBN,Scrypt,PoW/PoS,89266933.684704,120000000.0,-0.3369829524792172,1.0034044218617693,-0.5881069142826899,0,HoboNickels
HYP,X11,PoS,1678520090.7713,0.0,-0.31982513686385944,1.070485250778296,-0.1267661817574682,0,HyperStake
IFC,Scrypt,PoW,90595753018.6314,90600000000.0,1.5814336435602254,-1.1544100732117764,-0.07267221308320707,3,Infinite Coin
IOC,X11,PoW/PoS,17650913.9743456,22000000.0,-0.3886814472152441,1.2559933486739334,-0.4589919264125024,0,IOCoin
IXC,SHA-256,PoW,21089348.999,21000000.0,-0.13875729306421142,-1.3047709529411438,0.17193111601525288,3,IXcoin
KGC,Scrypt,PoW,151447649.8,265420800.0,-0.16455064947692694,-1.1442261717984983,-0.04189285681803884,3,KrugerCoin
LKY,Scrypt,PoW,19326319.14375,20000000.0,-0.1679055064498374,-1.1441550354051373,-0.04183836124358074,3,LuckyCoin
LTB,Scrypt,PoW,1104344.22938102,1350000.0,-0.16826046399742692,-1.1441527604358002,-0.04183212225149628,3,Litebar 
MAX,SHA3,PoW/PoS,61445805.0,100000000.0,-0.44356142971780754,1.8579105014743813,-0.7050921259007366,0,MaxCoin
MEC,Scrypt,PoW,38151999.9930997,42000000.0,-0.16751942094395947,-1.1441587404808589,-0.04184503649220272,3,MegaCoin
MED,HybridScryptHash256,PoW,40431856.9,200000000.0,-0.13730362097572318,-2.2024669618458343,0.44637577032092596,3,MediterraneanCoin
MINT,Scrypt,PoS,21293925445.4969,0.0,-0.029915873887523457,0.8254234657534466,-0.2608838427199809,0,MintCoin
MINC,Scrypt,PoW,5804204.88794916,10000000.0,-0.16814169241933674,-1.1441552511616273,-0.04183405404769644,3,MinCoin
MZC,SHA-256,PoW/PoS,1613836099.99999,2419200000.0,-0.272927818322434,0.8422316386191212,-0.3749209719931694,0,MazaCoin
NAUT,Scrypt,PoS,16180000.0,16180000.0,-0.2899027406691038,0.8172733862386665,-0.2554297193758474,0,Nautilus Coin
NAV,X13,PoW/PoS,66087096.2077108,0.0,-0.28166502159730467,1.8213531735177986,-0.6111038269158564,0,NavCoin
NOBL,Scrypt,PoW,2366066305.76482,15000000000.0,-0.033025298565953626,-1.1506849663037304,-0.043698684179819876,3,NobleCoin
NMC,SHA-256,PoW,14736400.0,21000000.0,-0.13883495223133838,-1.304773383935077,0.1719327448722245,3,Namecoin
NYAN,Scrypt,PoW,334709223.483138,337000000.0,-0.1618030134972981,-1.1441915386470753,-0.04194585810581814,3,NyanCoin
OPAL,X13,PoW/PoS,15156364.3306548,0.0,-0.2822876046243935,1.8213336845686152,-0.6110907685900772,0,OpalCoin
ORB,NeoScrypt,PoW/PoS,3220616.279225,3770000.0,-0.349450107016242,0.5420172416098282,-0.32979029896935097,0,Orbitcoin
POT,Scrypt,PoW/PoS,222677226.014206,420000000.0,-0.3332254265144314,1.0033067152658153,-0.5881663261331534,0,PotCoin
PXC,Scrypt,PoW/PoS,73959274.625,98000000.0,-0.33732603328882554,1.0034094731295709,-0.5881011410331742,0,PhoenixCoin
RDD,Scrypt,PoW/PoS,29315567169.0888,0.0,0.019431965913607914,1.0146475431938198,-0.5955902750387716,0,Reddcoin
RPC,Scrypt,PoW,1104157.42169891,21000000.0,-0.16812116720424322,-1.1441625040804522,-0.04183377321452641,3,RonPaulCoin
SBC,Scrypt,PoW,24215181.725,250000000.0,-0.16621527178670298,-1.1442672115650396,-0.04185893952764394,3,StableCoin
SMC,Scrypt,PoW,25593737.1355044,51200000.0,-0.1676077156633994,-1.1441681078517518,-0.04184258962339258,3,SmartCoin
SUPER,X11,PoS,50707661.7493518,0.0,-0.33972370011324793,1.0698623586159635,-0.12634882068249115,0,SuperCoin
SYNC,X11,PoW/PoS,1177.0,1000.0,-0.389053150761175,1.2559975032357553,-0.4589855527526641,0,SyncCoin
SYS,SHA-256,PoW,563336541.299966,888000000.0,-0.125982629049219,-1.3049933660838637,0.1717192410459349,3,SysCoin
TES,Multiple,PoS,80260463.7331396,100000000.0,-0.22755125036367088,0.15241335142541698,0.136212136579954,0,TeslaCoin
TGC,SHA-256,PoW,43536800.0,47011968.0,-0.13829849374290593,-1.3047752614838242,0.17192317507787283,3,TigerCoin
TIT,PHI1612,PoS,1622326490.46336,2300000000.0,-0.3224025172294743,1.7098198895829104,-0.13481609621945104,0,TittieCoin
TOR,X11,PoW/PoS,1431851.00002479,10000000.0,-0.38896477901400067,1.255993092626166,-0.45898675969376246,0,TorCoin
TRC,SHA-256,PoW,22935396.0,42000000.0,-0.13858585753455066,-1.3047806595191758,0.17192887826102063,3,TerraCoin
UNB,SHA-256,PoW,2278150.0,80000000.0,-0.13856899160765132,-1.3048074066712696,0.1719309818569222,3,UnbreakableCoin
UNO,SHA-256,PoW,200911.79151896,250000.0,-0.13915973267269952,-1.304768657011656,0.17193821511575236,3,Unobtanium
URO,X11,PoW,1207310.0,0.0,-0.21839710477776628,-0.8915843144208925,0.0872563566916281,3,UroCoin
USDE,Scrypt,PoW/PoS,1098952592.6,1600000000.0,-0.3141487037043316,1.0030569170297872,-0.5884901424133674,0,UnitaryStatus Dollar
UTC,Scrypt,PoW/PoS,50235211.141939,100000000.0,-0.33760186090112265,1.0033994032624978,-0.5880952263713275,0,UltraCoin
VIA,Scrypt,PoW,23150892.1679687,23000000.0,-0.16783748740198617,-1.1441550594778165,-0.041839593903271036,3,ViaCoin
VRC,Scrypt,PoST,32021108.4136696,0.0,-0.3126074950034956,0.3647102195781498,-0.266262469482848,0,VeriCoin
VTC,Lyra2REv2,PoW,51173723.8166347,84000000.0,-0.19753500416615477,-1.2301274427909,0.20016603394889113,3,Vertcoin
WDC,Scrypt,PoW,119606941.0,265420800.0,-0.16493987390270604,-1.144238355836168,-0.04188469305652929,3,WorldCoin
XC,X11,PoW/PoS,6950831.0970606,5500000.0,-0.3889292149289848,1.2559974358495447,-0.4589877966321423,0,X11 Coin
XCR,Multiple,PoS,100000000.0,0.0,-0.22801885319356738,0.1524704904911284,0.1362154775757345,0,Crypti
XJO,SHA-256,PoW,39195739.362088,45000000.0,-0.13836582222351632,-1.304775924969954,0.17192445714645427,3,JouleCoin
XST,X13,PoW/PoS,33093725.4123502,0.0,-0.2820683362936892,1.8213405484071215,-0.6110953676189146,0,StealthCoin
ZCC,Scrypt,PoW/PoS,147990237.978331,1000000000.0,-0.3300267820111686,1.0029905392813896,-0.5881959089788265,0,ZCC Coin
BCN,CryptoNight,PoW,184066828814.0,184467440735.0,3.860995405240721,-2.307022973949476,0.35206856266317144,3,ByteCoin
XDN,CryptoNight,PoW,6906587610.38292,10000000000.0,0.45856687814436525,-2.2883036480087964,0.4121502702460755,3,DigitalNote 
BURST,Shabal256,PoC,1813033920.0,2158812800.0,0.017625931779929428,0.8839330138692673,-0.1401186890404325,0,BurstCoin
SJCX,Counterparty,PoS,51173144.0,500000000.0,-0.34973894384561705,1.5391643312547858,-0.05305834867269682,0,StorjCoin
MONA,Scrypt,PoW,68194674.8711679,105120000.0,-0.16670471747986887,-1.1441785429112385,-0.04185804264887916,3,MonaCoin
NTRN,SHA-256,PoW/PoS,39121694.0,68000000.0,-0.3088449892632062,0.8427949216914145,-0.3743196749550932,0,Neutron
FAIR,Groestl,PoW/PoS,53193831.0,0.0,-0.3778133321222998,0.9133858121460106,-0.4778248932611344,0,FairCoin
NLG,Scrypt,PoW,415032420.0,1680000000.0,-0.15130059116104286,-1.1448267372927454,-0.04207929256359494,3,Gulden
RBY,Scrypt,PoS,27184490.3918338,0.0,-0.2898829207405704,0.8172856201250955,-0.25543118140100485,0,RubyCoin
PTC,Scrypt,PoW,137517654.41397,166386000.0,-0.16542299015607154,-1.1441823951808072,-0.041880964258824954,3,PesetaCoin
KORE,X13,PoW/PoS,2022464.886973,12000000.0,-0.28236308675826105,1.8213227085297445,-0.6110884093901483,0,Kore
WBB,Scrypt,PoW,181919.2435974,2628000.0,-0.16826268006803902,-1.1441537471113865,-0.04183199312614035,3,Wild Beast Coin
NOTE,Scrypt,PoS,174646113.934655,500000000.0,-0.28453582740592304,0.8170941191268921,-0.25551100010865396,0,Dnotes
FLO,Scrypt,PoW,152270664.860648,160000000.0,-0.16528791811539034,-1.1441735833158022,-0.041884210282238224,3,Flo
8BIT,Scrypt,PoW/PoS,1467841.0,0.0,-0.3389068999035727,1.0034303277507142,-0.588074320626936,0,8BIT Coin
STV,X13,PoW/PoS,7096834.0,10000000.0,-0.2823152351193547,1.8213256419797197,-0.6110895423852919,0,Sativa Coin
ABY,Scrypt,PoW,792537250.0,1000000000.0,-0.15150645726721318,-1.1443451006357688,-0.04211894825517782,3,ArtByte
FLDC,Stanford Folding,PoW,719416990.0,1000000000.0,-0.13972989405651676,-2.2254368757407526,0.3973131755710332,3,Folding Coin
U,X11,PoS,2689812.0,20000000.0,-0.3401688955089595,1.0698340671757312,-0.12633818961998394,0,Ucoin
UIS,Multiple,PoW,65113302.0,0.0,-0.10651361890174642,-1.8089705905437115,0.3498169080990928,3,Unitus
CYP,QuBit,PoW,6365285.0,0.0,-0.17618179545786386,-1.5419089309604141,0.19132752705240147,3,CypherPunkCoin
OMC,Scrypt,PoW,10140044.4430293,3371337.0,-0.1681356812946968,-1.144150305163433,-0.04183460878392482,3,OmniCron
VTR,Scrypt,PoW/PoS,11604722.0,20000000.0,-0.3386412052928956,1.0034242895660421,-0.5880786000789994,0,Vtorrent
GRE,Scrypt,PoW,4610340640.89,10000000000.0,-0.04103609294532749,-1.1473469006012256,-0.04385399772697181,3,GreenCoin
XCN,M7 POW,PoW,708506520.0,1840000000.0,-0.12661550261304888,-2.2594153371290444,0.31036132390348087,3,Cryptonite
MSC,Scrypt,PoW,619478.0,619478.0,-0.16827156973594415,-1.1441525837389432,-0.04183193655565824,3,MasterCoin
SOON,SHA-256,PoW,12462620.0,21000000.0,-0.13886274717523886,-1.3047742540105933,0.1719333278554038,3,SoonCoin
1CR,Scrypt,PoW,88213.0,92000000000.0,0.48390660612452496,-1.1897712448230457,-0.049561672223979746,3,1Credit
ISL,X11,PoW/PoS,1513704.0,0.0,-0.38903466854906105,1.2559980825091148,-0.4589859404712444,0,IslaCoin
NXS,SHA3,PoW/nPoS,63657220.0,78000000.0,-0.47881518232695036,1.8488336893564967,-0.6517902678747794,0,Nexus
MARS,X11,PoW,32221574.820996,33000000.0,-0.21778404551587507,-0.8915888098796045,0.08724563213515606,3,MarsCoin 
CTO,Lyra2RE,PoW,13742738.0,65789100.0,-0.15487053922599095,-2.2437730430021214,0.42948937737884185,3,Crypto
ACP,SHA-256,PoW,14747200.0002,53760000.0,-0.13860258419289573,-1.3047896240495687,0.1719299895780846,3,Anarchists Prime
DRZ,QUAIT,PoW/PoS,8568038.35935056,5060000.0,-0.4384173955269394,1.8933522378735714,-0.7702542043939855,0,Droidz
BSC,X11,PoW,15863837.5,21000000.0,-0.21806907248553045,-0.8915891189919397,0.08725083440914383,3,BowsCoin
SQL,X11,PoS/PoW,329200.01639,0.0,-0.3942710805335167,0.7294063132111641,-0.10228264613125519,0,Squall Coin
SONG,Scrypt,PoW,32565300.0,210240000.0,-0.16639505809524407,-1.1442443011021743,-0.04185773977503726,3,Song Coin
ZNY,Scrypt,PoW,75614500.0,250000000.0,-0.16558696070648524,-1.144247543308469,-0.04187211799608779,3,BitZeny
DIGS,Scrypt,PoS,100000000.0,100000000.0,-0.2882839145612715,0.8172638978012841,-0.25545825294015256,0,Diggits
EXP,Ethash,PoW,10495278.0,16906397.0,-0.14635568056760803,-2.0041848978910117,0.4014674449512307,3,Expanse
CON,X13,PoW/PoS,23042604.0,50000000.0,-0.2818367517617349,1.8213119094783488,-0.6110969916189418,0,Paycon
SC,Blake2b,PoW,33098296530.0,0.0,0.36880876349673436,-2.1255286305067207,0.3721839384633068,3,Siacoin
EMC,SHA-256,PoW/PoS,43059794.804778,1000000000.0,-0.3021898907191673,0.8423342907059077,-0.37439899215012246,0,Emercoin
EGC,X15,PoW/PoS,13530556.4180753,26298000.0,-0.25901388675425774,1.8625114067775217,-0.606861184672418,0,EverGreenCoin
MND,X11,PoW,15867695.0,16000000.0,-0.2181044703887092,-0.8915866382351392,0.08725125352466616,3,MindCoin
I0C,SHA-256,PoW,20997476.8650231,21000000.0,-0.13875841611956852,-1.3047709880965648,0.17193113957070194,3,I0coin
DCR,BLAKE256,PoW/PoS,10365046.9281661,21000000.0,-0.05574634320520161,0.898249918186276,-0.5765011910203145,0,Decred
RVR,Scrypt,PoW,210000000.0,210000000.0,-0.16422777761610202,-1.144176285647463,-0.04190321277361017,3,Revolution VR
HODL,1GB AES Pattern Search,PoW,11448949.0,81962100.0,-0.1603746900208211,-2.2376608935275004,0.3537930900807212,3,HOdlcoin
EDRC,SHA-256,PoW/PoS,3669691.84494672,22000000.0,-0.30960445307821555,0.8428041651532244,-0.3743067203182578,0,EDRCoin
HTC,X11,PoW/PoS,10996318099.0,26550000000.0,-0.0664196796737409,1.2470403296322918,-0.4640356957809817,0,Hitcoin
GAME,Scrypt,PoW,69836100.0,84000000.0,-0.16683437243714158,-1.144167442328399,-0.04185668897849895,3,Gamecredits
DBIC,SHA-256,PoW/PoS,5129014.0,10500000.0,-0.3096681377918312,0.8428104259171966,-0.37430612823897347,0,DubaiCoin
DIEM,SHA-256,PoW,21739971929.0,21626280000.0,0.27989686337589703,-1.307173203379876,0.16454723303425725,3,CarpeDiemCoin
PWR,NIST5,PoW/PoS,10069449031.9252,0.0,-0.23997721322014398,1.506202374503553,-0.590655323347876,0,PWR Coin
BLRY,Scrypt,PoW/PoS,8998743.2411911,42000000.0,-0.33851710281813924,1.0034123835375826,-0.5880797803821758,0,BillaryCoin
GPU,Scrypt,PoS,40477042.0,221052632.0,-0.2881533864272505,0.8171810962944316,-0.2554531625731227,0,GPU Coin
ADZ,X11,PoW,45110324.0,84000000.0,-0.21726495239961252,-0.891609166585827,0.08723804247277037,3,Adzcoin
SOIL,Dagger,PoW,5702048.0,30000000.0,-0.15735371263101228,-2.1820142436056025,0.43766937572244413,3,SoilCoin
YOC,Scrypt,PoW,636462.55983338,168351300.0,-0.16708230929314347,-1.1442357480936658,-0.04184603389109899,3,YoCoin
SIB,X11GOST,PoW,17263355.0,24000000.0,-0.13007536247209597,-2.166682192843068,0.32236090549909724,3,SibCoin
ERC,X11,PoW/PoS,10407269.7881868,384000000.0,-0.38620377216395463,1.2558110769271467,-0.45902048475702223,0,EuropeCoin
ZEIT,Scrypt,PoS,36971236046.8073,99000000000.0,0.8635374864806958,0.7823327244743286,-0.27322147885910236,0,ZeitCoin
SWING,SHA-256,PoW/PoS,4377081.60953993,40000000.0,-0.3094682036580198,0.8427955104296124,-0.37430841406505516,0,SwingCoin
SAFEX,Scrypt,PoC,2147483647.0,2147483647.0,-0.06465548293899093,0.4406383572993397,-0.3191303781624054,0,SafeExchangeCoin
NEBU,PoS,PoS,20000000.0,20000000.0,-0.34550421564244976,1.6263385742122383,-0.04364566219497702,0,Nebuchadnezzar
FRN,Scrypt,PoW,6570807.65677618,20000000.0,-0.16806143126499212,-1.1441599163779015,-0.04183509080904472,3,Francs
BOLI,X11,PoW,13654082.4987998,25000000.0,-0.2180677287344478,-0.891591947992471,0.08725106489305878,3,BolivarCoin
XRA,X11,PoW/PoS,134554941.15119,75000000.0,-0.3868766815527991,1.2560118023236968,-0.45902635299296984,0,Ratecoin
REV,SHA-256,PoW/PoS,1195525.0,222725000.0,-0.30821175573240206,0.8427036876745972,-0.37432295105474545,0,Revenu
CKC,SHA-256,PoW/PoS,16662820.0,525000000.0,-0.30587985080590285,0.8425597214125473,-0.37435231419512394,0,Clockcoin
VIP,NIST5,PoW/PoS,83450403.0,90000000.0,-0.3614091789082295,1.5023365453466706,-0.5881025367228819,0,VIP Tokens
BSD,X11,PoW/PoS,24387724.5010828,139000000.0,-0.3877696813313186,1.2559379113862879,-0.4590034841359415,0,BitSend
OMNI,Scrypt,PoW,616448.0,616448.0,-0.16827162825471179,-1.1441525833959467,-0.0418319355242016,3,Omni
LIR,POS 3.0,PoS,38589808.6658096,33500000.0,-0.36714046367947495,1.5021837115540528,-0.01744741562490809,0,Let it Ride
PUT,Scrypt,PoW/PoS,813092338.575672,2000000000.0,-0.314807487166717,1.002749188437414,-0.5884504579708401,0,PutinCoin
IBANK,Scrypt,PoW/PoS,4526324.0,44333333.0,-0.3385552331522443,1.0034095151421125,-0.5880788297302117,0,iBankCoin
FRWC,Scrypt,PoW/PoS,100000000.0,100000000.0,-0.3369935304933744,1.00341844605661,-0.5881079857565019,0,Frankywillcoin
MUDRA,X13,PoS,5000000.0,200000000.0,-0.23228433893081918,1.6350760786915468,-0.27845523592696203,0,MudraCoin
PIZZA,X11,PoW,1377917.0,25000000.0,-0.2182177939700257,-0.8915966455406263,0.08725421242623749,3,PizzaCoin
LC,X11,PoS,657000000.0,657000000.0,-0.32765483341340657,1.0697685825210042,-0.12655947204095533,0,Lutetium Coin
KMD,Equihash,dPoW/PoW,115898131.0,200000000.0,-0.33797769402904515,-1.738002242463552,0.7012163216110469,3,Komodo
GB,X11,PoW/PoS,15563873.0,50000000.0,-0.38850846711708076,1.255978666083275,-0.45899374389360226,0,GoldBlocks
CTC,Scrypt,PoW/PoS,43165500.0,90000000.0,-0.33775917196514593,1.0034016565566528,-0.5880925735318367,0,CarterCoin
KRB,CryptoNight,PoW,7822432.72439746,10000000.0,0.303416367038955,-2.2859898989195684,0.4147584400359207,3,Karbo
BXT,SHA-256,PoW/PoS,595429.0,21000000.0,-0.3096491222264918,0.8428034846243,-0.37430584807529793,0,BitTokens
ZYD,SHA-256,PoW,6243840.0,9736000.0,-0.13901861687132225,-1.3047710483403856,0.1719358687238269,3,ZayedCoin
MST,X11,PoW/PoS,657636.34549789,3000000.0,-0.3890238661822799,1.2559962673612843,-0.45898597304351074,0,MustangCoin
ZNE,Scrypt,PoW/PoS,2581970.0,21000000.0,-0.3387444114223414,1.003420341099881,-0.5880763707219032,0,ZoneCoin
COVAL,Multiple,PoW,1000000000.0,1200000000.0,-0.08657864431630546,-1.8092078779260226,0.34947638381646634,3,Circuits of Value
ROOT,Scrypt,PoW/PoS,1939889.0,0.0,-0.3389011295354287,1.0034305083827049,-0.5880744416571343,0,RootCoin
DOPE,Scrypt,PoW,116845228.0,200000000.0,-0.16543740220087963,-1.1442069733167426,-0.04187848825503725,3,DopeCoin
BTCR,Scrypt,PoS,169598616.0,0.0,-0.28814203436109787,0.8173401157420753,-0.2554676955051462,0,BitCurrency
DLC,SHA-256,PoW,9106714.0,10638298.0,-0.13897722437480134,-1.3047704002545295,0.17193505888867547,3,DollarCoin
SCN,Scrypt,PoW/PoW,665200057.0,3100000000.0,-0.27213033845900164,0.2523790153523957,-0.37432849304825033,0,Swiscoin
SH,Scrypt,PoW,11119200.0,30000000.0,-0.16793494108714316,-1.1441631344697756,-0.04183709719793365,3,Shilling
BUZZ,SHA-256D,PoW/PoS,19577787259.0,20000000000.0,0.02768992218567033,1.907919330121677,-0.7196319175255863,0,BuzzCoin
XPO,PoS,PoS,74033806.7949683,74000000.0,-0.34446089365347743,1.6263324743399885,-0.04366405325930455,0,Opair
PSB,Scrypt,PoW/PoS,33522957.0,0.0,-0.3385150545399298,1.0034425938325815,-0.5880825393611299,0,PesoBit
HALLO,X11,PoW/PoS,264678458.288619,1500000000.0,-0.37518419551831167,1.2553549998650253,-0.45917944566085395,0,Halloween Coin
XZC,Lyra2Z,PoW,7568281.24956067,21400000.0,-0.15272919018859046,-2.22467632697084,0.3270903156189834,3,ZCoin
CFC,PoS,PoS,148716816.0,39999898.0,-0.3437889872171881,1.626377911399528,-0.043680344803022464,0,CoffeeCoin
ROYAL,X13,PoS,2500124.0,2500124.0,-0.23371497659771723,1.6351730536253881,-0.2784380008544035,0,RoyalCoin
GNJ,X14,PoW/PoS,100000000.0,100000000.0,-0.4079308792036187,1.9297683253982894,-0.6239176525372211,0,GanjaCoin V2
TEAM,PoS,PoS,17818682.1654,301000000.0,-0.3435388680759154,1.6261984039423238,-0.043668712794879994,0,TeamUP
LANA,SHA-256D,PoW/PoS,1082162635.53683,7506000000.0,-0.28697279536527714,1.907037095357007,-0.7138399960781796,0,LanaCoin
ELE,Ethash,PoW,26205539.0,26205539.0,-0.14609771483526215,-2.004183497302339,0.40146263561473466,3,Elementrem
ZCL,Equihash,PoW,5613550.0,21000000.0,-0.16544159999469424,-2.1064678086248687,0.436131982171826,3,ZClassic
ARK,DPoS,DPoS,108202084.0,125000000.0,3.7140364491937254,1.9201914930472546,0.25620118148472937,0,ARK
INSANE,X11,PoW/PoS,18342813.0,30000000.0,-0.38861627727098363,1.2559896465841058,-0.458992775978447,0,InsaneCoin
KLC,Scrypt,PoW,196297971.0,10000000000.0,-0.09499384980130617,-1.1490359604303901,-0.042722264389116624,3,KiloCoin
ATX,X11,PoW,824000000.0,500000000.0,-0.20479468810205728,-0.8915173959471865,0.0870033872604456,3,ArtexCoin
EMB,X13,PoW/PoS,92192822723.0,850000000.0,0.8505282746939491,1.856184542219452,-0.6347959719506482,0,EmberCoin
XEN,X11,PoW/PoS,3853326.77707314,3853326.77707314,-0.38897875245762004,1.2559970670840193,-0.45898686409613704,0,XenixCoin
FRE,PoS,PoS,50000000.0,50000000.0,-0.3449248219030681,1.6263351782074482,-0.043655874637462726,0,FreeCoin
PLNC,Scrypt,PoW/PoS,17089600.0,38540000.0,-0.33844272724991187,1.0034171952145625,-0.5880815641156304,0,PLNCoin
ARCO,Scrypt,PoW/PoS,2449577.41533168,42000000.0,-0.33859716056195116,1.0034098774601072,-0.5880781012164193,0,AquariusCoin
KURT,X11,PoW,61364813.0,228000000.0,-0.2160454380259595,-0.8916743499926809,0.08722177591059381,3,Kurrent
XCRE,PoS,PoS,20000000.0,20000000.0,-0.34550421564244976,1.6263385742122383,-0.04364566219497702,0,Creatio
ENT,X11,PoW/PoS,6069482.07721352,60000000.0,-0.38855363751021293,1.2559700744363904,-0.45899214979940456,0,Eternity
EUC,SHA-256,PoW/PoS,12416554.0,20000000.0,-0.30951170846897863,0.8428085039046272,-0.37430879491798486,0,Eurocoin
BCF,Scrypt,PoW/PoS,20244023.640728,33000000.0,-0.3384434403424665,1.0034211493166565,-0.5880819074145578,0,BitcoinFast
XSN,X11,TPoS,75590369.0,76500000.0,-0.3476953838898383,0.8034815477618197,-0.06250028041725234,0,Stakenet
BCCOIN,Scrypt,PoW/PoS,11080722.3769581,28000000.0,-0.3385908986312436,1.0034201222053247,-0.5880791378960232,0,BitConnect Coin
MONEY,Scrypt,PoW/PoS,10914418.0,650659833.0,-0.3341788888137312,1.003111308866065,-0.5881314117038194,0,MoneyCoin
XNG,X11,PoW/PoS,814671.0,5000000.0,-0.3890077685498234,1.2559953357392526,-0.4589861813480528,0,Enigma
XCI,CryptoNight,PoW,978145.0,21000000.0,0.30341068081860434,-2.2859979723447545,0.4147592706390781,3,Cannabis Industry Coin
RC,Scrypt,PoW/PoS,8377873.0,144000000.0,-0.3378016132292114,1.0033615686314978,-0.5880881913279257,0,Russiacoin
PND,Scrypt,PoS,33813143821.8337,32514916898.0,0.3536190886368582,0.8140912983305645,-0.26682562613942085,0,PandaCoin
UNITS,Scrypt,PoW/PoS,3472983.0,13000000.0,-0.3387902316709619,1.003424648900462,-0.5880759270048471,0,GameUnits
GAKH,Scrypt,PoW/PoS,3315789.0,3315789.0,-0.3388608047117228,1.003429390724732,-0.5880750730250316,0,GAKHcoin
ASAFE2,Quark,PoS,10517772.7391666,15000000.0,-0.3476116498102162,1.5342330548463392,-0.12895657375490158,0,Allsafe
LTCR,QuBit,PoW/PoS,30227750.0,78835200.0,-0.3459725435104163,0.6056433889230155,-0.35492743354732953,0,LiteCreed
OS76,Scrypt,PoW,894026.0,2714286.0,-0.1682533635120548,-1.1441535174049198,-0.04183218295575272,3,OsmiumCoin
BIC,CryptoNight,PoW,9357088.0,25000000.0,0.3035414620117096,-2.285996749516662,0.4147567862460812,3,Bikercoins
HXX,Lyra2RE,PoW,1876146.443596,9999999.0,-0.15541108736411235,-2.24374992045603,0.42949710735094815,3,HexxCoin
KED,Scrypt,PoW/PoS,23965372.0,500000000.0,-0.3350873817704857,1.0031910084950566,-0.5881220993113817,0,Klingon Empire Darsek
IOP,SHA-256,PoW/PoS,2526078.47525448,21000000.0,-0.30962552174893626,0.8428042233988695,-0.37430634308192534,0,Internet of People
KUSH,X11,PoW/PoS,5659096.95728771,9354000.0,-0.3889176841827421,1.255995030530183,-0.4589877892560655,0,KushCoin
PRX,Scrypt,PoW/PoS,11821728.0,20000000.0,-0.3386385525870068,1.0034243726046854,-0.5880786557180002,0,Printerium
PAC,X11,PoW,536982074.0,100000000000.0,0.497053420440097,-0.9409649110945177,0.07871689611518763,3,PacCoin
IMPCH,Scrypt,PoW/PoS,308179.0,21933333.0,-0.3387655900923003,1.003419008221255,-0.5880758661553943,0,Impeach
CTL,CryptoNight-V7,PoW,10969318.522954,185000000.0,-0.1435735564377785,-2.2144141079563826,0.3492138869265771,3,Citadel
ZBC,Scrypt,PoS,2922613.96424908,55000000.0,-0.2897896050275635,0.8172490640852139,-0.2554295819555849,0,Zilbercoin
FRST,Scrypt,PoW/PoS ,110000000.0,110000000.0,-0.2558018186506432,0.3232030493499069,-0.42470045617769075,0,FirstCoin
BVC,Scrypt,PoW,3115258.0,3360000.0,-0.16822163344685295,-1.144152987618461,-0.04183280671942805,3,BeaverCoin
FIND,X13,PoS,14524851.4827,14524851.4827,-0.23348274153700896,1.6351716924243174,-0.2784420942489979,0,FindCoin
VLTC,X11,PoW,30385540.0,1000000000.0,-0.21095141525495506,-0.8920690053375772,0.08716485466098679,3,VaultCoin
ZER,Equihash,PoW,6921653.89980891,17000000.0,-0.16545396563082343,-2.1064653246465235,0.4361319828656969,3,Zero
CHAT,Scrypt,PoW/PoS,1000000000.0,1000000000.0,-0.3196117183119246,1.003316565912918,-0.5884143590310733,0,OpenChat
CDN,Scrypt,PoW,99843408.3158479,100000000.0,-0.1663541355216268,-1.144163893550645,-0.0418657270020196,3,Canada eCoin
ZOI,Lyra2RE,PoW,18545757.5,21000000.0,-0.15512933701909043,-2.2437489961477004,0.4294919091352849,3,Zoin
RNS,Scrypt,PoS,36050365.0,34426423.0,-0.2895304939766731,0.8172719421517894,-0.2554363470960834,0,RenosCoin
DBIX,Dagger-Hashimoto,PoW,2232901.0,2232901.0,-0.1859374941552901,-2.2817239718871902,0.40870676435760844,3,DubaiCoin
XVP,X11,PoW/PoS,13162749.0858027,100000000.0,-0.38818336815044063,1.2559529544718016,-0.4589973293058431,0,VirtacoinPlus
TAJ,Blake2S,PoW/PoS,12184195.9258495,36900000.0,-0.44045281249918955,1.848053126035279,-0.6569733830217879,0,TajCoin
IMX,X11,PoW/PoS,110630387.850471,110000000.0,-0.38692102259451616,1.255985292485345,-0.4590231596168751,0,Impact
EB3,Scrypt,PoW,64096052.0,4000000000.0,-0.1391439702462983,-1.1461114114399287,-0.04218424315808612,3,EB3coin
ATMOS,PoS,PoS,111135836.889,110290030.0,-0.34375009379968585,1.6263286770194907,-0.04367661511259701,0,Atmos
HPC,X11,PoW/PoS,21521322.0099142,100000000.0,-0.38808119200960295,1.2559561529297254,-0.45899947239242894,0,HappyCoin
CXT,NIST5,PoW,10123200.0,48252000.0,-0.19196018181904853,-0.6452530924304856,-0.04183800976954514,3,Coinonat
MCRN,PoS,PoS,401421401.0,400000000.0,-0.3381478529103543,1.6262961020591626,-0.043775384238252474,0,MacronCoin
RAIN,X11,PoW/PoS,121665451.643876,500000000.0,-0.38402141422634145,1.255796131223551,-0.4590587570950176,0,Condensate
IMS,Scrypt,PoW/PoS,5368934.0,21212121.0,-0.3387088395309634,1.0034213023668248,-0.5880771031048977,0,Independent Money System
ARGUS,Scrypt,PoW/PoS,1148324.0,28600000.0,-0.3387080599855042,1.0034160239999925,-0.5880766417028377,0,ArgusCoin
LMC,Scrypt,PoW/PoS,500000.0,1000000000.0,-0.33182971936239797,1.0029341012596498,-0.5881580933907563,0,LomoCoin
PROC,SHA-256,PoS,100545745.0,75000000000.0,0.27180929385828556,0.6195083853654213,-0.04798154588644574,0,ProCurrency
XGR,X11,PoW/PoS,17171382.0,40000000.0,-0.38855970686063446,1.2559842397676177,-0.45899331583988057,0,GoldReserve
BENJI,Scrypt,PoW,20276099.146524,35520400.0,-0.1677838719369663,-1.1441623678517874,-0.04183990879948727,3,BenjiRolls
GRW,Scrypt,PoS,295135466.361878,2000000000.0,-0.2724294346251176,0.8163964408869013,-0.255667924204501,0,GrowthCoin
ILC,SHA-256,PoW,1317747500.0,2500000000.0,-0.10533313755997532,-1.3055040063173475,0.17139037301477278,3,ILCoin
PHR,PoS,PoS,11390225.9742772,30000000.0,-0.3455385723785761,1.6263303210693,-0.043644294911099134,0,Phreak
DEA,Scrypt,PoW/PoS,21358764.0,105000000.0,-0.33791940479941956,1.0033858742365769,-0.5880882427328002,0,Degas Coin
HTML5,X15,PoW/PoS,40659020000.0,90000000000.0,0.8756657851816577,1.8334506337665812,-0.6248421102011517,0,HTML5 Coin
USC,SHA-256,PoS,10343113.0,200084200.0,-0.25955081954238385,0.6565638663782489,-0.04167366132291356,0,Ultimate Secure Cash
EQT,Scrypt,PoW,13673406.4325268,72000000.0,-0.16760597969417404,-1.144182983045325,-0.04184128095903812,3,EquiTrader
QTUM,POS 3.0,PoS,100000000.0,100000000.0,-0.3659183592873361,1.5021742360977062,-0.017468748210177115,0,QTUM
QRL,CryptoNight-V7,PoW,69036016.8340164,105000000.0,-0.14343086347299475,-2.2143522198956886,0.3492057206559647,3,Quantum Resistant Ledger
ESP,536,PoW/PoS,22801882871.0,50000000000.0,0.6255542204450034,1.9157102438298501,-0.733905095728305,0,Espers
DYN,Argon2d,PoW,19784224.6512734,0.0,-0.1605672562987877,-2.24538106284489,0.2994314445558911,3,Dynamic
NANO,Blake2b,PoW,133248297.0,340282367.0,-0.03174744905586597,-2.1383116344868833,0.3806073828395133,3,Nano
CHAN,Cloverhash,PoW,18407259.0885883,30000000.0,-0.14609147145491885,-2.2570737185282645,0.2348384721341588,3,ChanCoin
DCY,CryptoNight,PoW,1809467143.0,2000000000.0,0.33954700871870697,-2.286287242515503,0.41412930781986423,3,Dinastycoin
DNR,NIST5,PoW/PoS,4171382.0,10000000.0,-0.36294541555106996,1.5023458772463703,-0.5880754883974922,0,Denarius
DP,X11,PoW,35138975.0,100000000.0,-0.21727341911299364,-0.8916209158804176,0.08723925473060619,3,DigitalPrice
VUC,NIST5,PoW/PoS,62942075.0,120000000.0,-0.3614472046831666,1.5023138220280685,-0.5880997991413395,0,Virta Unique Coin
BTPL,Skein,PoW/PoS,6804362.0,100000000.0,-0.4382210700047559,1.8856415520460796,-0.6201897609252057,0,Bitcoin Planet
UNIFY,Scrypt,PoW,18133195.0,19276800.0,-0.16792521810746627,-1.1441551333580657,-0.041837994569979595,3,Unify
BRIT,X13,PoW/PoS,21268092.0,30000000.0,-0.2820002238279132,1.8213211475735365,-0.611094856226755,0,BritCoin
SOCC,Scrypt,PoW,5167775.0,75000000.0,-0.16768868646023483,-1.1441877253444899,-0.04183935223029396,3,SocialCoin
ARC,X11,PoW,26042364.3735553,60000000.0,-0.21766817757174295,-0.8916045625072466,0.08724494788200209,3,ArcticCoin
DAS,X11,PoW,2622886.0,18900000.0,-0.21824581829854298,-0.8915931444233325,0.08725440575142328,3,DAS
LINDA,Scrypt,PoW/PoS,9044930943.24243,50000000000.0,0.1260919928888816,0.9820980559522412,-0.5945940544480214,0,Linda
XLC,CryptoNight,PoW,14161803.0,54000000.0,0.30380577672594844,-2.2860092907918146,0.41475311774030943,3,LeviarCoin
ONION,X13,PoW/PoS,21917018.0492836,18898187.6216583,-0.2820709921585429,1.8213269007908137,-0.6110940898229907,0,DeepOnion
BTX,Time Travel,PoW,17801865.1605478,21000000.0,-0.1494522214669031,-2.247528546145935,0.3713136471948191,3,Bitcore
GCN,Scrypt,PoW,163055097500.0,200000000000.0,3.2427227285312084,-1.180929733464189,-0.10044223026267714,3,gCn Coin
SMART,Keccak,PoW,2241009149.22257,5000000000.0,-0.12423937032417516,-1.1885856918040614,0.16116388025260467,3,SmartCash
SIGT,SkunkHash v2 Raptor,PoS,107972766.0,137500000.0,-0.31769994506298715,1.5299439327067508,0.09472899429514027,0,Signatum
ONX,X11,PoW,122475638.389743,1100000000.0,-0.20911679432229877,-0.8920833521247052,0.08713284123606023,3,Onix
CRM,Skein,PoW/PoS,47331802.4774238,100000000.0,-0.43772565798842156,1.8856570601135831,-0.620200151911183,0,Cream
BCH,SHA-256,PoW,17995589.6469082,21000000.0,-0.13879511152845736,-1.304772136786665,0.17193190923608476,3,Bitcoin Cash
XMCC,X11,PoW/PoS,12569262.5359307,9507271.0,-0.38883212699723296,1.2559975987460061,-0.458989573857903,0,Monoeci
DFT,Scrypt,PoS,18663297.3489799,17405891.19707116,-0.28986369420459,0.817273728621572,-0.2554304590784806,0,Draftcoin
VET,VeChainThor Authority,Proof of Authority,55454734800.0,86712634466.0,4.3906440650150405,2.447429084309202,-0.19807390836232455,0,Vechain
SOJ,Scrypt,PoW,485214.0,10500000000.0,-0.09384298132115873,-1.1493588174235214,-0.04271406966111396,3,Sojourn Coin
STCN,PoS,PoS,4000000.0,61599965.0,-0.3454048988202542,1.6263118241184307,-0.043645055160590744,0,Stakecoin
NYC,Scrypt,PoW,143006669741.687,0.0,1.5798461721898582,-1.0894301560773865,-0.07849775448157233,3,NewYorkCoin
FRAZ,Scrypt,PoW,9704042.0,20000000.0,-0.16802313025398974,-1.1441587174270396,-0.04183589415102092,3,FrazCoin
KRONE,Scrypt,PoW,17453749.4042601,84000000.0,-0.16747470021563585,-1.1441874867481665,-0.04184325846662623,3,Kronecoin
ACC,Scrypt,PoW,32646731.063036,100000000.0,-0.1671755553047816,-1.1441896067611166,-0.04184849818808937,3,AdCoin
LINX,Scrypt,PoW,33716526.0,100000000.0,-0.1671624780104708,-1.144189197397685,-0.041848772476918254,3,Linx
XCXT,Scrypt,PoW/PoS,19539588.0,48252000.0,-0.33834392983942185,1.0034133169622843,-0.5880830082885548,0,CoinonatX
ETHD,Scrypt,PoW/PoS,4200000.0,4200000.0,-0.33884372783446637,1.0034292906319056,-0.5880753740234979,0,Ethereum Dark
SUMO,CryptoNight,PoW,8946653.0,88888888.0,0.30398935387209436,-2.28602858626952,0.4147515234764309,3,Sumokoin
ODN,SHA-512,PoS,25000000.0,91388946.0,-0.3009057803899958,1.6726923480247269,-0.13209350664662597,0,Obsidian
ADA,Ouroboros,PoS,25927070538.0,45000000000.0,0.6938745337086218,1.5031819378933031,-0.1792258110396415,0,Cardano
REC,X11,PoW/PoS,7262402.04264803,27000000.0,-0.388772992502416,1.255986894167001,-0.4589896829666269,0,Regalcoin
BTCZ,Equihash,PoW,5211553258.01514,21000000000.0,0.04691676890172167,-2.1148782906378174,0.4330345365947799,3,BitcoinZ
TZC,NeoScrypt,PoW/PoS,182638400.0,400000000.0,-0.3444480046925179,0.5418894238191977,-0.3298695921894631,0,TrezarCoin
ELM,X11,PoW,2702855668.85288,1800000000.0,-0.17261162889348397,-0.8914430535707698,0.08641243305992204,3,Elements
TER,Scrypt,PoW/PoS,1140734.91680375,15733333.0,-0.3387993647061472,1.00342240111183,-0.5880755586879444,0,TerraNovaCoin
VIVO,NeoScrypt,PoW,4165967.57499639,27000000.0,-0.1786325640308187,-1.605576195070508,0.21644972544794996,3,VIVO Coin
RUP,Lyra2REv2,PoS,24000000.0,24000000.0,-0.3202242127660735,0.7313196418207886,-0.013414443410040435,0,Rupee
BTG,Equihash,PoW,17202361.088994,21000000.0,-0.16529993705716647,-2.10646337409699,0.43612901087208167,3,Bitcoin Gold
WOMEN,Scrypt,PoW/PoS,48459472454.0,25000000000.0,0.4306745179022827,1.0095766695328225,-0.6025991771816467,0,WomenCoin
MAY,SHA-256,PoW/PoS,92050800.0,100000000.0,-0.3079711295155596,0.8427993079338987,-0.3743359343208753,0,Theresa May Coin
NAMO,NIST5,PoW/PoS,560563220.0,1200000000.0,-0.3477080950600876,1.5019687151034142,-0.5883181287214665,0,NamoCoin
LUX,PHI1612,PoW/PoS,8305775.31777569,60000000.0,-0.4067214907880247,1.8964675409133636,-0.4668637972277413,0,LUXCoin
PIRL,Dagger,PoW,33986980.0,156306732.71,-0.15611256453738168,-2.1820660501762466,0.4376515112332823,3,Pirl
XIOS,Scrypt,PoW/PoS,2149688.0,21000000.0,-0.33874969568640345,1.0034201756845877,-0.5880762598874633,0,Xios
BTDX,Quark,PoW/PoS,30711550.5294042,200000000.0,-0.39476294758383274,1.7203035969854517,-0.46162702800020017,0,Bitcloud 2.0
EBST,Scrypt,PoW,99990001.493466,100000000.0,-0.1663523435500429,-1.1441638374558891,-0.04186576458760694,3,eBoost
KEK,POS 2.0,PoS,12330806.30517,21000000.0,-0.3177743223388001,1.609719029758373,-0.01659609826570172,0,KekCoin
BLHC,Scrypt,PoW/PoS,16362544.992,14788275.991,-0.3386199910981363,1.0034286944408224,-0.5880793820616866,0,BlackholeCoin
XIN,SHA-256,PoS,8999999990.0,9000000000.0,-0.08727753243589494,0.655640320062716,-0.04471793089861371,0,Infinity Economics
PURA,X11,PoW,175215859.0,350000000.0,-0.2137888505545407,-0.8916912786581486,0.08718233465273732,3,Pura
INN,NeoScrypt,PoW,6375259.04,45000000.0,-0.17847795519436155,-1.605584275082451,0.21644764662281257,3,Innova
ELLA,Ethash,PoW,12756367.0,280000000.0,-0.14446296717241558,-2.0043144892504654,0.40144475985740424,3,Ellaism
GBX,NeoScrypt,PoW,5832306.875,31800000.0,-0.17857816725535344,-1.6055779375452843,0.21644889490844385,3,GoByte
MAG,X11,PoW/PoS,38198594.8342105,144000000.0,-0.38756541063256467,1.2559407169177224,-0.45900744526254356,0,Magnet
TAU,DPoS,DPoS,288090567.493887,500000000.0,3.718893805689741,1.920074382398578,0.25612355134406645,0,Lamden Tau
ECA,NIST5,PoW/PoS,28399150208.0,30000000000.0,0.19675747334505023,1.4983406600657598,-0.5978755731364338,0,Electra
BCD,X13,PoW/PoS,183534024.889807,210000000.0,-0.27874064463382586,1.8212939854979469,-0.6111515839761531,0,Bitcoin Diamond
XSH,Multiple,PoW,481730566.566176,660000000.0,-0.09674209472159068,-1.809138434508535,0.349654636197862,3,SHIELD
CNBC,Scrypt,PoW/PoS,110976977.29338,210000000.0,-0.3360795554120737,1.003368102287127,-0.5881200424861833,0,Cash & Back Coin
XUN,CryptoNight,PoW,19281821413.4924,85000000000.0,1.1415190013066063,-2.320757401343319,0.40267576814300443,3,UltraNote
COAL,CryptoNight,PoW,4500000.0,12500000.0,0.30339347577438913,-2.285992409908675,0.41475908183491483,3,BitCoal
DAXX,Ethash,PoW,520891780.0,10000000000.0,-0.06934627025086207,-2.0089397698851026,0.40049779380159034,3,DaxxCoin
BWK,NIST5,PoS,13247178.8807286,27716121.0,-0.313999266265165,1.3161860172516142,-0.25542957108417963,0,Bulwark
KLKS,Quark,PoS,16955764.902064,20000000.0,-0.3474975060081397,1.5342330391018433,-0.1289586445209779,0,Kalkulus
AC3,X11,PoW,80316207.0,550000000.0,-0.2135311123266006,-0.8918267638057888,0.08718986215620847,3,AC3
LTHN,CryptoNight-V7,PoW,441250233.377,999481516.0,-0.13253988500155828,-2.214653324052064,0.3490351320717125,3,Lethean
GER,Scrypt,PoW/PoS,4911500269.41,50000000000.0,0.0755644688118995,0.9805163739817808,-0.5935342682966095,0,GermanCoin
LTCU,Scrypt,PoW/PoS,8419402.321,150000000.0,-0.33775857150086025,1.0033586093860956,-0.5880887061012614,0,LiteCoin Ultra
POP,Scrypt,PoW,3964201248.87125,4999999999.0,-0.08437963165850114,-1.1451148689992285,-0.04326822700733876,3,PopularCoin
PNX,X11,PoW/PoS,45174214.1078625,50000000.0,-0.3881465069582407,1.2559899966574075,-0.45900133580258107,0,PhantomX
PHO,BLAKE256,PoW,30089671530.5228,90000000000.0,1.120449979867628,-1.2824389746657232,-0.04553123889245725,3,Photon
SUCR,X11,PoW,4229040.50393462,19800000.0,-0.21821980437383445,-0.8915929760892317,0.08725391832448583,3,Sucre
SPK,NeoScrypt,PoW,7847417.33355824,21000000.0,-0.1786300956418064,-1.605571811204893,0.21644928567239358,3,SparksPay
WAGE,Quark,PoS,27299680.0,120000000.0,-0.34666215966611036,1.5341874116487333,-0.12896969872829064,0,Digiwage
GUN,NeoScrypt,PoW,299797953.0,500000000.0,-0.1716656227449682,-1.6056976096776874,0.21633418533728518,3,GunCoin
IRL,Scrypt,PoW,45483049.3398182,64000000.0,-0.16727384711369342,-1.1441668440460775,-0.041848764588145834,3,IrishCoin
TROLL,Scrypt,PoW/PoS,591022748.0,900000000.0,-0.3253200036524766,1.003209653935333,-0.588301097692862,0,Trollcoin
LCP,Scrypt,PoW/PoS,2504486.227718,4000000.0,-0.3388658717889011,1.0034287410046474,-0.5880749225000332,0,Litecoin Plus
MONK,X11,PoS,4407252.0,21000000.0,-0.3401408123166062,1.0698342285082787,-0.12633871398192806,0,Monkey Project
PCOIN,X11,PoW,8478104.33969947,23000000.0,-0.21814517849998213,-0.891592936899191,0.08725256002378497,3,Pioneer Coin
UBTC,SHA-256,PoW,20166000.0,20166000.0,-0.138774492422436,-1.3047708927221395,0.17193142282968668,3,UnitedBitcoin
ITZ,C11,PoW,11916588.09471,23000000.0,-0.19070730482894874,-1.255556818324009,0.19052593211934815,3,Interzone
TPAY,POS 3.0,PoS,20445861.5344251,25000000.0,-0.36742251393949865,1.502180983441357,-0.01744204945092608,0,TokenPay
MCT,Ethash,PoS,1618033.0,1618033.0,-0.2685042696374792,-0.04275298256154984,0.18787851977544084,0,1717 Masonic Commemorative Token
MBC,Scrypt,PoW and PoS,9399342.52839847,30000000.0,-0.29815220932830566,0.23844903051641658,-0.4222549172427806,0,My Big Coin
TRTL,CryptoNight,PoW,53139835213.77,1000000000000.0,8.041848749791432,-2.761509798787951,0.31711564732001124,3,TurtleCoin
MUN,SkunkHash,PoW,4818338.98949984,16600000.0,-0.14235070885497095,-2.1621192013199364,0.37584298582875614,3,MUNcoin
USX,Scrypt,PoW/PoS,234846265.782157,232000000.0,-0.3344094049652413,1.003404592776161,-0.5881536502684448,0,Unified Society USDEX
NBR,CryptoNight,PoW,133932467.774108,336000000.0,0.3072689681330572,-2.286103291262298,0.4146987153827147,3,Niobio Cash
SSS,Scrypt,PoW,10000000000.0,10000000000.0,0.024847712668779658,-1.145284515210515,-0.04523587317144697,3,ShareChain
TRF,Dagger,PoW,107325266.027783,100000000.0,-0.15561522811180872,-2.1820100668032536,0.43763743869176136,3,Travelflex
KREDS,Lyra2REv2,PoW,643795911.540095,1100000000.0,-0.18308828779003664,-1.2304044622053123,0.19992872402526504,3,KREDS
TOKC,X13,PoS,230298925.0,800000000.0,-0.22527685246531046,1.6348647769882194,-0.27856341373024074,0,Tokyo Coin
BBP,Proof-of-BibleHash,POBh,1772091549.88818,5200000000.0,-0.19833089001921303,3.020118885220498,11.574082906750654,1,BiblePay
LCC,SHA-256 + Hive,PoW + Hive,638382332.208514,840000000.0,-0.40176442708504034,2.78424475596708,20.616175506361643,1,LitecoinCash
FLIP,Scrypt,PoW,12446100.00278,40000000.0,-0.16784783079603716,-1.1441675852849618,-0.04183827761603996,3,BitFlip
LOT,Scrypt,PoW,14491014421.0,18406979840.0,0.13934355801051165,-1.1477346542606284,-0.04709370370767202,3,LottoCoin
CIF,X11,PoW,211297638.500483,500000000.0,-0.2122844310699698,-0.8917518501705457,0.08716048036999374,3,Crypto Improvement Fund
SPD,C11,PoW/PoS,11251342.1879021,19340594.0,-0.3613826876077237,0.8920270213411136,-0.3557158084544102,0,Stipend
POA,Proof-of-Authority,PoA,204479039.0,252460800.0,-0.37273994384118153,3.419762156139477,9.473827073063728,1,Poa Network
PUSHI,X11,PoW/PoS,2167827.1,25000000.0,-0.3888494471858251,1.2559859364097088,-0.4589882087071836,0,Pushi
ELP,XEVAN,PoW/PoS,419275.38,60000000.0,-0.36534337842539616,1.2834969066607105,-0.4614708804187881,0,Ellerium
VLX,Scrypt,PoS,25570013.1348022,124000000.0,-0.2890236188623296,0.817223516174243,-0.2554411860521095,0,Velox
ONT,VBFT,PoS,650848625.0,1000000000.0,-0.33189865694279636,1.480581425306023,-0.07974591908706158,0,Ontology
CLO,Ethash,PoW,247612453.0,6500000000.0,-0.09749840804052162,-2.007308845360926,0.40086193412988497,3,Callisto Network
TUBE,CryptoNight,PoW,80049082.9057215,1000000000.0,0.3113173952037512,-2.286453158539378,0.4146567408647648,3,BitTube
PSD,Scrypt,PoW,4070212.1493016,21000000.0,-0.16808490981577143,-1.1441613691018702,-0.04183453369267941,3,Poseidon
ADK,IMesh,PoW,25000000.0,25000000.0,-0.1678779562506445,-2.249158013037873,0.4188052504278678,3,Aidos Kuneen
BSX,NIST5,PoW/PoS,13787854.6277781,50000000.0,-0.3625443022404163,1.5023297228015033,-0.5880813148383017,0,Bitspace
BRIA,Scrypt,PoW/PoS,845637.81347436,3000000.0,-0.33889323875108335,1.003428602092521,-0.58807441316061,0,Briacoin
IC,Scrypt,PoW/PoS,1182153.5,5000000.0,-0.3388749471221908,1.0034277391499788,-0.5880746674829833,0,Ignition
BTL,Equihash,PoW,71355477.0,70000000.0,-0.1642906016777601,-2.106466949034188,0.43611100932219315,3,Bitrolium
MEDIC,Scrypt,PoS,267297676.3125,500000000.0,-0.28340324422787344,0.8171295728014091,-0.2555347553982579,0,MedicCoin
ALPS,Lyra2Z,PoW,27340501.6514783,300000000.0,-0.15051249371524708,-2.2248069065333,0.32706183791736054,3,Alpenschillling
BITG,Green Protocol,PoS,9803691.3618195,21000000.0,-0.3609260580365633,1.5672434642057316,-0.03327492121780056,0,Bitcoin Green
DEV,PoS,PoS,21876586.8530324,88000000.0,-0.3449992232478495,1.6263055740818393,-0.043651856762315644,0,Deviant Coin
ABJ,Scrypt,PoW/PoS,9880502.37178894,30000000.0,-0.33859139223326185,1.0034186712216788,-0.5880789982088351,0,Abjcoin
SEM,Semux BFT consensus,DPoS,1231147.0,100000000.0,3.9004887774546377,1.8795985995136886,0.302109919417753,0,Semux
FTO,X11,PoW,31801461.1867843,100000000.0,-0.21731421725934277,-0.8916221930000409,0.08724011044857957,3,FuturoCoin
CARE,Quark,PoW/PoS,139739596.506702,200000000.0,-0.39343017641796807,1.72034531721937,-0.46165498211927447,0,Carebit
NZL,PoS,PoS,11075254.0929996,80000000.0,-0.3451879720535265,1.6263054077363803,-0.043648415199864135,0,Zealium
XMC,CryptoNight,PoW,16016864.0,18400000.0,0.30357608439064365,-2.2859909284630113,0.4147556332585787,3,Monero Classic
PROTON,X16R,PoS,4403800.0,45000000.0,-0.31059033050357054,0.7024521983855154,0.03288745996010367,0,Proton
DEAL,Scrypt,PoW/PoS,1404157529.46026,5121951220.0,-0.2854506911968538,1.0014273243839407,-0.5888643126328107,0,iDealCash
JUMP,NIST5,PoW,21069346.2522598,21000000.0,-0.19201956463163636,-0.6452353907505982,-0.04183852655608404,3,Jumpcoin
INFX,Lyra2RE,PoW,5097689.71077377,26280000.0,-0.15525629773989078,-2.2437567602517,0.4294949135065718,3,Infinex
XBI,XEVAN,PoS/PoW,10904963.0923455,21000000.0,-0.37071360411660215,0.7569289414209097,-0.10476730142844823,0,Bitcoin Incognito
KEC,Tribus,PoW,795447.0,18000000.0,-0.16677411197383987,-2.1843080451629207,0.40891744810866826,3,KEYCO
HWC,Scrypt,PoS,38706809.466535,26000000.0,-0.2895577563089313,0.8172771369497436,-0.25543632019632584,0,HollyWoodCoin
GIN,Lyra2Z,PoW,6986399.70430446,10500000.0,-0.15281357340019006,-2.2246711447993577,0.3270913806377694,3,GINcoin
PLTC,CryptoNight,PoW,84300.0,600000518.0,0.30750429570942944,-2.2862854153423338,0.4147108516636898,3,PlatinCoin
LOKI,CryptoNight Heavy,PoW,19153632.0,150000000.0,0.5780151621766424,-2.1748959947347273,0.43801804802329214,3,Loki
NCP,CryptoNight,PoW,41294520017.0,184000000000.0,2.112416861190586,-2.3614238685098017,0.38871377756362274,3,Newton Coin
SIC,Scrypt,PoW/PoS,10200000000.0,10200000000.0,-0.1419309715682155,1.0022751244440637,-0.5915461747266915,0,Swisscoin
XT3,Scrypt,PoS,7630000.0154,44000000.0,-0.28981004053496506,0.8172563198121922,-0.25542986467032286,0,Xt3ch
MGD,Jump Consistent Hash,PoW,135862416.039898,168000000.0,-0.15188162808134203,-2.196113889391751,0.39472040835968353,3,MassGrid
VIG,SHA-256D,PoW/PoS,33238183.7225834,100000000.0,-0.35229618596302475,1.9103080287212604,-0.7129487994366034,0,TheVig
PLURA,CryptoNight,PoW,560085952.404637,1000000000.0,0.31718542019204937,-2.2862694695600396,0.41453366236977945,3,PluraCoin
EMAR,Scrypt,PoW/PoS,21599339.6728,84000000.0,-0.33806533321750415,1.003396379273256,-0.5880865399757623,0,EmaratCoin
DKD,X15,PoS,30284196.369129,90000000.0,-0.20964788821937969,1.676331682374842,-0.27422109968625785,0,Dekado
LYNX,Scrypt,HPoW,77872059787.8998,92000000000.0,2.232146414535679,0.11692816415189773,-0.4336992446977086,0,Lynx
POSQ,Quark,PoS,2716264.95302831,650000000.0,-0.34320549399651645,1.5339152009032402,-0.1290079267756868,0,Poseidon Quark
BWS,SHA-256,PoS,57811001.000889,100262205.0,-0.2596782059849131,0.6566315275987296,-0.04167744466177721,0,BitcoinWSpectrum
MUSE,DPoS,PoS,18194936.0,18081806.0,1.016352230957652,1.7289675444584633,0.10102904834286934,0,Muse
XMN,X16R,PoW,8125865.02097646,22075700.0,-0.18877564895288315,-1.2589627416202953,0.2464809175551601,3,Motion
PLUS1,HMQ1725,PoW,8645406.16776286,21000000.0,-0.10901408823579789,-2.1361213421733147,0.41417805204609964,3,PlusOneCoin
AXE,X11,PoW,4993030.69736615,21000000.0,-0.2182019584574504,-0.8915932787711837,0.08725362161701375,3,Axe
TRVC,X16R,PoW/PoS,36923120.6205934,82546564.0,-0.35863625855679676,0.8886005726590532,-0.29977376530620453,0,Trivechain
DTEM,Quark,PoS,7082392.24744494,21000000.0,-0.3476111102206786,1.5342287651406012,-0.12895619706998857,0,Dystem
GIC,Quark,PoW/PoS,5919489.76813523,5151000.0,-0.3964472953481029,1.7203907272283152,-0.4616043000778703,0,Giant
PNY,Scrypt,PoS,1042012.45227735,16880000000.0,-0.17053997456900277,0.808905564890872,-0.2568427516301932,0,Peony Coin
ABS,Lyra2REv2,PoW/PoS,13332617.9413708,52500000.0,-0.36886219115415453,0.917455976238549,-0.34606383577137073,0,Absolute Coin
VITAE,Quark,PoS,66053877.6256106,100000000.0,-0.3463302042017432,1.5342121582970727,-0.1289779546474829,0,Vitae
HEX,Scrypt,PoW,1416663.06600024,22105263.0,-0.1681095118777401,-1.1441629325497442,-0.04183394620425317,3,HexCoin
TPC,Scrypt,PoW/PoS,5403802.49590733,1000000000.0,-0.3317697747260336,1.002935977729006,-0.5881593506954954,0,TPCash
WEBC,CryptoNight-V7,PoW,15580199.3087496,1750000000.0,-0.1324228894509506,-2.2151883584358054,0.3490812119974287,3,Webchain
RYO,Cryptonight-GPU,PoW,4890897.0,88188888.0,-0.15776312395439154,-2.226654818413172,0.3049297140531827,3,Ryo
URALS,XEVAN,PoW,14746153.0962884,210000000.0,-0.19346358415466128,-0.864154269181487,0.08475506172655513,3,Urals Coin
QWC,CryptoNight Heavy,PoW,99553110528.8022,184470000000.0,3.101376116146807,-2.2282049346835957,0.3970114203263409,3,Qwertycoin
ARE,X11,PoS,19269509.94,55000000.0,-0.3397181080021949,1.0698230565313835,-0.12634538128428913,0,ARENON
EUNO,X11,PoW/PoS,30771125.9760867,50000000.0,-0.388322571936654,1.2559844852295852,-0.458997642939547,0,EUNO
MMO,Scrypt,PoS,107763867.917675,260000000.0,-0.28705476631545335,0.8171875317092339,-0.2554736868940057,0,MMOCoin
KETAN,PoS,PoS,9327131.59708692,210000000.0,-0.3442877698005681,1.626240277508532,-0.04365888971062696,0,Ketan
PPAI,SHA-256,PoW,2100000000.0,2100000000.0,-0.09860639913733216,-1.3050063302630015,0.17122341665952592,3,Project Pai
XDNA,Keccak,PoW/PoS,4672513.84432375,366000000.0,-0.35506839093849074,0.9604386376498216,-0.38411560251389676,0,XDNA
PAXEX,X11,PoS,4504639.0,100000000.0,-0.3395795899353198,1.0697950931388642,-0.1263453766034254,0,PAXEX
AZART,X11,PoW,5015881.37315389,25000000.0,-0.2181733230820489,-0.8915952534517994,0.08725327967459208,3,Azart
TSC,Scrypt,PoW/PoS,1059954080.43439,18000000000.0,-0.19836563668798451,0.9949099533048119,-0.5898580863967107,0,ThunderStake
KCASH,SHA-512,Zero-Knowledge Proof,1000000000.0,1000000000.0,-0.24701263065008314,1.9633200633437238,-0.2418718735827569,0,Kcash
XCG,X16R,PoW,9753753.61515394,100000000.0,-0.18820334319671167,-1.2590007579416704,0.24647395290378138,3,Xchange
AAC,ECC 256K1,DPOS,1000000000.0,1000000000.0,-0.3410210923468587,3.2138028012326525,15.34281676132141,1,Acute Angle Cloud
CRYP,Equihash,PoW,4235111504.0,7600000000.0,-0.06001212016476321,-2.108607459627057,0.43441077046758864,3,CrypticCoin
BTXC,XEVAN,PoS,6787405.18013774,50000000.0,-0.31662680786972647,1.0973497537697505,-0.12882194014255108,0,Bettex coin
ACM,Lyra2Z,PoW,13634850.0,84000000.0,-0.15221125964367027,-2.2247050461564424,0.3270835004790333,3,Actinium
BSV,SHA-256,PoW,17992514.6469233,21000000.0,-0.13879514911760493,-1.3047721379633312,0.17193191002449576,3,Bitcoin SV
BITM,XEVAN,Pos,208515864.367343,70000000000.0,0.37484756310066303,0.5612763015937349,-0.1759633860683098,0,BitMoney
JMC,X11,PoS,17209923728.3266,0.0,-0.1299675020874934,1.0764284352775497,-0.13074833793375645,0,Junson Ming Chan Coin
FRED,CryptoNight,PoW,1867054873.28397,8080000000.0,0.3833521578045678,-2.2892800115628362,0.41360369553400794,3,FREDEnergy
HERB,Quark,PoW/PoS,35312185.7437239,54000000.0,-0.3957417045833069,1.720377752442608,-0.46161594052152266,0,HerbCoin
UMO,Blake,PoW,1578281.31341127,105120001.44,-0.1519262262143933,-2.1852788877858123,0.42396880618952854,3,Universal Molecule
LIT,Blake,PoW,15846721.2482747,25228800.0,-0.1523181568396438,-2.1852338133390887,0.42397186038109097,3,Lithium
PIRATE,Equihash,PoS,13475920.0,105000000.0,-0.2866817057593499,-0.14507872052661366,0.22253042276298982,3,PirateCash
EXO,Exosis,PoW,406091.925,21000000.0,-0.12268241946329023,-2.1552730368057325,0.3613129475709405,3,Exosis
BLTG,Scrypt,PoW,35284717.173946,120000000.0,-0.16700152803340648,-1.1441985144427713,-0.04185085496971671,3,Block-Logic
OWC,Scrypt,PoW/PoS,14777549.3940764,21000000.0,-0.3385953312804223,1.0034250078112805,-0.5880794975933017,0,Oduwa
BEAM,Equihash,PoW,35687520.0,262800000.0,-0.16335984939370005,-2.1065761986552416,0.4361039551346656,3,Beam
GALI,Quark,PoW/PoS,18265011.2486006,19035999.0,-0.39619795137903,1.7203885663539311,-0.4616086320237784,0,Galilel
BTH,Equihash,PoW,25150787.5,30886000.0,-0.16513269262562058,-2.1064652346178914,0.4361261423137957,3,Bithereum
CSPN,Quark,PoS,1934701.67524713,13370000.0,-0.3477281253305158,1.534230578728369,-0.1289542361542893,0,Crypto Sports
CREDIT,Scrypt,PoW/PoS,30825710000.0296,74800000000.0,0.5681501858061158,0.9781353690400595,-0.6022622305931159,0,Credit
SLC,QuBit,PoW,12925790.4226959,100000000.0,-0.1753926979436348,-1.541956006157866,0.19131744288801322,3,SLICE
DASHP,X11,PoS,715659.44237941,19700000.0,-0.34019515447657633,1.0698334605112891,-0.12633765825316073,0,Dash Platinum
NSD,Scrypt,PoW/PoS,20546528.2059957,84000000.0,-0.3380782029039548,1.0033959764086513,-0.5880862700413904,0,Nasdacoin
BEET,XEVAN,PoW/PoS,198938144.363399,500000000.0,-0.3597974962398917,1.283354694391316,-0.461558748634777,0,Beetle Coin
TTN,SHA-256D,PoW/PoS,896361168.0,5000000000.0,-0.3070091164367041,1.9082086128032645,-0.71358180132076,0,Titan Coin
AWR,X11,PoW/PoS,15420234.5389336,420000000.0,-0.38588728870043504,1.2557951443470192,-0.4590247948031332,0,Award
BLAST,SHA-256,PoW,52293836.6277958,64000000.0,-0.1380710183818119,-1.3047803341713695,0.17191950247770243,3,BLAST
XRC,X13,PoW,1170292.5,2100000.0,-0.1118023758579362,-0.3262549882698312,-0.06484514048602885,3,Bitcoin Rhodium
GLT,SHA-256,PoW,84613099.9999955,168000000.0,-0.1369386868507554,-1.3048195360505848,0.17190247784287183,3,GlobalToken
INSN,X11,PoW/PoS,23775960.3207514,30000000.0,-0.38854986186360774,1.255991725610425,-0.45899416900393686,0,Insane Coin
ALX,DPoS,DPoS,1000000000.0,1000000000.0,3.7311407728841703,1.920098870730583,0.25589901169675466,0,ALAX
LDOGE,Scrypt,PoW/PoS,15318887081.0146,35000000000.0,0.09645036926010929,0.991936664908266,-0.5949423444525123,0,LiteDoge
SLR,Scrypt,PoW,55565076.3863525,98100000000.0,0.527827731965456,-1.1927747387290422,-0.050088423714818364,3,SolarCoin
TRK,X11,PoW/PoS,242574105.22384,0.0,-0.3860879189388756,1.2560903257134879,-0.45904774687252003,0,TruckCoin
UFO,NeoScrypt,PoW,3824685012.0,4000000000.0,-0.10376546425965731,-1.6060842870545082,0.2151363528253977,3,UFO Coin
OC,Scrypt,PoW/PoS,3537150.0,200000000.0,-0.3374638021284978,1.0033319483559966,-0.5880916553674685,0,OrangeCoin
BLC,Blake,PoW,23356790.1494191,7000000000.0,-0.10278211938907193,-2.1886894226973137,0.423383908206483,3,BlakeCoin
BITS,Scrypt,PoW/PoS,20576532.0,54256119.0,-0.3382886908498075,1.003410736575831,-0.5880837786261618,0,BitstarCoin
NEOS,SHA-256,PoS,4392258.24647793,21000000.0,-0.260893093424232,0.6566503892483951,-0.04165708874256847,0,NeosCoin
HYPER,Scrypt,PoW/PoS,9631199.99309942,0.0,-0.33880711007990794,1.00343345150886,-0.588076413661873,0,HyperCoin
PINK,X11,PoW/PoS,436353624.490312,500000000.0,-0.3801746304080227,1.2559165485351225,-0.4591394412031863,0,PinkCoin
CESC,Scrypt,PoW,780210700.0,1000000000.0,-0.1516571384086326,-1.1443498174638542,-0.04211578780372347,3,Crypto Escudo
ADC,Scrypt,PoW/PoS,980732528.97974,10500000000.0,-0.25250163643619306,0.9985985597611792,-0.5892076176369806,0,AudioCoin
NKA,SHA-256,PoW/PoS,17939725045.334,190000000.0,-0.08916112980471196,0.8495842001827506,-0.3789195298884742,0,IncaKoin
PIGGY,X11,PoW/PoS,494240666.028571,1000000000.0,-0.37592250689531387,1.2556907712873457,-0.4591962935400365,0,Piggy Coin
CRW,SHA-256,PoW,22986929.0854247,42000000.0,-0.1385852275882857,-1.3047806397997326,0.17192886504825508,3,Crown Coin
GEN,Scrypt,PoW/PoS,60000000.0,15000000.0,-0.33808506099847263,1.0034452875893383,-0.588090588225468,0,Genstake
SMLY,Scrypt,PoW,29583989322.9213,50000000000.0,0.5478050748001126,-1.1576248301958632,-0.053617923833854705,3,SmileyCoin
MI,Scrypt,PoW/PoS,404316475.545465,400000000.0,-0.3311468280142663,1.0033861377338984,-0.5882112168990878,0,XiaoMiCoin
GRS,Groestl,PoW,73298203.8873662,105000000.0,-0.2061819186163745,-1.2342408393767617,0.06840334851110473,3,Groestlcoin
CPC,X11,PoW/PoS,201364327.427503,208000000.0,-0.3851171575236557,1.2559714184682174,-0.45905465728921496,0,CapriCoin
CLUB,Scrypt,PoW/PoS,103621876.167052,160000000.0,-0.33652391557710687,1.0033900806207336,-0.5881139556379676,0, ClubCoin
RADS,PoS,PoS,3821245.74150193,9000000.0,-0.3457799656913657,1.6263378377327022,-0.04364058983205488,0,Radium
BTA,Scrypt,PoW,5052555.91981545,5000000.0,-0.1681863257190351,-1.144153059503896,-0.04183344122497162,3,Bata
PAK,Scrypt,PoW,69684455.4387001,182000000.0,-0.16614150302658623,-1.1442160942579067,-0.04186488414717208,3,Pakcoin
CRB,X11,Proof of Trust,16901016.6609755,16504333.0,-0.3305093157957581,0.8724383249723122,-0.007724470636800083,0,Creditbit 
OK,SHA-256,PoW/PoS,74676064.9488608,105000000.0,-0.30814807518433407,0.8427901801069041,-0.3743318996504461,0,OKCash
LSK,DPoS,DPoS,120012140.0,159918400.0,3.714428353594594,1.9201786977327504,0.25619521958333014,0,Lisk
XHI,Scrypt,PoS,10000244677.7002,10008835635.0,-0.09701835367897212,0.8161389286441812,-0.25882916407240486,0,HiCoin
XWC,Scrypt,PoW/PoS,252005564.19257,300000000.0,-0.3337175949759813,1.0033774406667504,-0.5881637632288442,0,WhiteCoin
FSC,NeoScrypt,PoW/PoS,1120385.00502,60168145.0,-0.34907597338020413,0.5419884725772345,-0.3297944991065895,0,FriendshipCoin
J,Multiple,PoW,3332922.5,2800000.0,-0.10724898001624025,-1.8089956195726464,0.3498325129491044,3,JoinCoin
TRI,X13,PoW/PoS,140777.753365,120000.0,-0.28247030617169794,1.8213278792618632,-0.6110869287687252,0,Triangles Coin
VOLLAR,Equihash+Scrypt,PoW,100000000.0,2100000000.0,-0.12278130721602758,-2.1434251472871204,0.394102232342214,3,Vollar
EOS,DPoS,DPoS,1020544523.0722,0.0,3.724302899918906,1.9206025883561355,0.25597776511994075,0,EOS
RCC,Ethash,PoW,24487944.0958204,24487944.0,-0.14613088696041718,-2.0041833028702736,0.40146322030938186,3,Reality Clash
OXY,DPoS,DPoS,1122382283.37,0.0,3.725547776219353,1.920641557184231,0.2559516545458017,0,Oxycoin
TCH,SHA-256,PoS,1000000000.0,1000000000.0,-0.2417825294820964,0.6565459213438066,-0.041994612904988037,0,TigerCash
WAVES,Leased POS,LPoS,100000000.0,100000000.0,-0.40175706207082673,3.2808446538704463,10.615899027782861,1,Waves
PART,PoS,PoS,9283137.5558676,8634140.0,-0.3457157924938103,1.6263401091722012,-0.04364195948756503,0,Particl
BTT,TRC10,DPoS,989988713439.649,990000000000.0,34.07120619282216,1.7056382498325118,-0.4038257722345719,2,BitTorrent
NXT,PoS,PoS/LPoS,1000000000.0,1000000000.0,-0.3394606612769988,1.8883064968772538,-0.04487456001212183,0,Nxt
ZEPH,SHA-256,DPoS,1999999995.3056,2000000000.0,2.473356611474057,0.8476752440406772,0.1128691661308018,0,ZEPHYR
GAP,Scrypt,PoW/PoS,14931046.1546605,250000000.0,-0.33697007127622186,1.0033115154914645,-0.5880987777378393,0,Gapcoin
BDX,CryptoNight,PoW,980222595.0,1400222610.0,0.3251584007320115,-2.2863071545997067,0.4143923148550105,3,Beldex
ZEN,Equihash,PoW,7296537.5,21000000.0,-0.16542102696513655,-2.1064671646196356,0.43613155066420295,3,Horizen
XBC,Scrypt,PoS,128326.99633965,1000000.0,-0.2902065693306202,0.8172747710662016,-0.2554243283883634,0,BitcoinPlus
